train_loss,val_loss,val_accuracy
1.6374879240989686,1.6491624514261882,0.2
